Tag_ID,Tag_Name,tag_language
243," Analgesico",sp
2221," hypertension",en
495," Overdiagnosis",en
242," Resucitacion",sp
1807," Superventricular Rhythm",en
970,1st trimester,en
655,2019 Year in Review,en
1076,2020,en
1093,2020 Year in Review,en
1280,4AT,en
1458,5-alpha-reductase inhibitors,en
310,A1C,en
1044,AAA,en
1983,abdominal,en
1045,Abdominal Aneurysm,en
1608,Abdominal Compartment Syndrome,en
1618,Abdominal Lymph Nodes,en
897,Abdominal Pain,en
2061,ABG,en
427,Ablation,en
1071,Abortion,en
117,Abscess,en
367,Academia,en
1246,Acamprosate,en
284,ACC,en
1822,Accidents,en
1674,ACEI,en
267,Acetaminophen,en
819,Acetazolamide,en
1395,Achilles Tendon,en
56,ACLS,en
1320,Acne,en
135,ACS,en
1053,Activity,en
352,Acupuncture,en
1840,Acute chest syndrome,en
1800,Acute Coronary Injury,en
136,Acute Coronary Syndrome,en
1271,Acute Hemorrhagic Edema of Infancy,en
1973,Acute Kidney Injury,en
817,Acute Mountain Sickness,en
233,Acute Pulmonary Edema,en
261,Addiction,en
978,Addiction Medicine,en
1375,Adenomas,en
1096,Adenotonsillectomy,en
1268,Adenovirus,en
426,ADF,en
1083,ADHD,en
1173,Adhesions,en
1357,Adhesive Capsulitis,en
20,Administration,en
985,Administrative,en
437,Adolescent,en
1537,Adolescent Medicine,en
592,Adrenal,en
2045,adrenal insufficiency,en
594,Adrenal Tumor,en
1100,Advanced Care Directive,en
582,Adverse event,en
1346,Adverse Reactions,en
1751,Advertising,en
423,AF,en
2217,African sleeping sickness,en
579,Aging,en
1626,Agitation,en
1442,Agoraphobia,en
285,AHA,en
1229,Air Pollution,en
1524,Air Quality Index,en
390,Airlines,en
525,Airplane,en
1466,Airplane Delivery,en
22,Airway,en
2091,AKI,en
1903,Alcohol,en
757,Alcohol Swabs,en
755,Alcohol Swabs for Treating Nausea,en
987,Alcoholism,en
1347,Allergic Reaction,en
746,Allergist,en
488,Allergy,en
1231,Alopecia,en
2014,alteplase,en
913,Altered Mental Status,en
614,Alternate Medicine,en
1055,Alternative Therapy,en
815,Altitude,en
2020,altitude sickness,en
783,Alzheimer's Disease,en
1727,Alzheimers,en
712,Amenorrhea,en
557,American Cancer Society,en
607,Amish,en
1754,Amitriptyline,en
699,Amphotericin,en
818,AMS,en
840,ANA,en
1921,anaemia,en
1519,Anal fissure,en
1786,Analgesia,en
235,Analgesic,en
1043,Anaphylaxis,en
456,Andexanet Alfa,en
1232,Androgenic,en
1215,Anemia,en
1590,Anesthesia,en
1111,Anesthesiology,en
1991,aneurysm,en
1558,Aneurysms,en
2192,anger management,en
688,Angina,en
1042,Angioedema,en
1599,Angiography,en
1675,Angiotensin Receptor Blockers,en
1673,Angiotensin-Converting Enzyme Inhibitors,en
1612,Anisicoria,en
1407,Anti-depressants,en
283,Anti-hypertensive Treatment,en
400,Antibiotic,en
517,Antibiotic Resistance,en
58,Antibiotic Stewardship,en
2064,anticholinergic,en
929,Anticoagulation,en
428,"Anticonvulsant ",en
1741,Anticonvulsants,en
652,Antidepressant,en
1471,Antidopaminergic antiemetic (ADA),en
1469,Antiemetics,en
695,Antifungal,en
1826,Antigen,en
1259,Antimicrobial Therapy,en
841,Antinuclear antibody,en
381,Antioxidants,en
684,Antiplatelet Therapy,en
521,Antipsychotics,en
1593,Antipyretics,en
1315,Antispasmodic,en
2172,antivenom,en
1210,Anxiety,en
1046,Aortic Aneurysm,en
131,Aortic Dissection,en
1656,Aortic laceration,en
1327,Aortic Occlusion,en
1614,Aortic Stenosis,en
217,Apendicitis,sp
772,APGAR Score,en
1600,Apixaban,en
1845,Aplastic anemia,en
2012,apophysitis,en
157,Appendicitis,en
1525,AQI,en
1676,ARB,en
2084,armed conflict,en
568,Arrhythmia,en
417,ARRIVE Trial,en
1089,Arterial Injury,en
2022,arterial line,en
483,Arthralgia,en
1197,arthritides,en
1124,Arthritis,en
273,Arthroscopic Partial Meniscectomy,en
618,ASA,en
416,ASCEND Trial,en
430,ASCVD,en
100,Aspirin,en
1647,Asplenia,en
60,Asthma,en
1335,Astodrimer Gel,en
1620,Asymptomatic Bacteriuria,en
1820,Asystole,en
241,"Ataque cardiaco / Paro Cardiaco ",sp
1325,Ataxia,en
389,"Atherosclerosis ",en
1208,Athlete,en
1391,Athletics,en
995,ATLS,en
487,Atopic Dermatitis,en
424,Atrial Fibrillation,en
1814,Atrioventicular,en
1756,Atropine,en
1783,Attention Deficit Hyperactivity Disorder,en
1084,Attention-deficit/Hyperactivity Disorder,en
1119,Audiology,en
527,Auditory,en
645,Autism,en
1340,Autism Spectrum Disorder,en
562,Autoimmune,en
1432,Autoimmune disease,en
2159,AV block,en
1799,AV Node,en
1309,Avalanche,en
2168,avulsion injury,en
1839,Awake intubation,en
564,Azathioprine,en
847,Azithromycin,en
880,B-agonist,en
672,B-hCG,en
851,B12,en
1881,B12 Deficiency,en
1154,Back Pain,en
1509,Bacteremia,en
1865,Bacterial Illness,en
1508,Bacterial Osteomyelitis,en
354,Bacterial Vaginosis,en
1005,Balance,en
2044,balloon tamponade,en
1177,Baloxavir Marboxil,en
1554,Bariatric Airway,en
333,Bariatric Surgery,en
1944,Basilar artery occlusion,en
668,Beclomethasone dipropionate,en
972,Bedside Ultrasound,en
1827,Bee Sting,en
410,Behavior,en
119,Behavioral Health,en
979,Behavioral Medicine,en
1726,Behavioral Therapy,en
1681,Bells Palsy,en
1326,Benign Paroxysmal Positional Vertigo,en
1454,Benign Prostatic Hyperplasia,en
375,Benzodiazepine,en
632,Beta Blocker,en
2006,beta blockers,en
664,Beta-agonists,en
1317,Bias,en
1562,Bicuspid Valve,en
1955,Biliary,en
1999,biliary colic,en
1876,Bioavailability,en
1000,BiPAP,en
1211,Bipolar,en
1770,Bipolar Disorder,en
825,Birth,en
918,Birth Control,en
713,Birth Control Pregnancy,en
1291,Birth Defects,en
951,Bisphosphonates,en
2173,bite wound,en
165,Bites and Stings,en
554,Bladder,en
121,Bleeding,en
293,Bleeding Events,en
1228,Blind,en
1461,Blisters,en
1697,Blood culture,en
1722,Blood Glucose,en
452,Blood Pressure,en
1359,Blood Transfusions,en
1322,BMI,en
248,Board Review Answers,en
249,Board Review Questions,en
1949,Boerhaave syndrome,en
743,Bone Density,en
1297,Borderline Personality Disorder,en
2043,botulism,en
1705,Bougie,en
704,Bowel,en
1688,Bowel Obstruction,en
1804,Bowel Perforation,en
640,Boxers Fracture,en
1298,BPD,en
1455,BPH,en
1811,Bradycardia,en
407,Brain,en
1507,Brain Abscess,en
1805,Brain Injury,en
1828,Brain Trauma,en
589,Brash,en
1832,BRASH Syndrome,en
873,Breast Cancer,en
854,Breastfeeding,en
1699,Bronchiectasis,en
1577,Bronchiolitis,en
996,Bronchodilators,en
1533,Brow Presentations,en
1837,Brugada syndrome,en
308,BS,en
639,Buddy Taping,en
667,Budesonide,en
1149,Bulimia,en
1997,bupivicaine,en
468,Buprenorphine,en
1967,Bupropion,en
1815,Burn Injury,en
222,Burnout,en
51,Burns,en
1112,Burr Holes,en
1036,Bursitis,en
516,C Difficile,en
1493,C-Diff,en
742,C-reactive Protein,en
1074,C-section,en
256,C3: Board Review Answers,en
255,C3: Board Review Questions,en
254,C3: Continuous Core Content,en
1514,CACS,en
1180,CAD,en
633,Calcitonin,en
439,Calcium,en
2013,calcium channel blockers,en
1361,Calcium Phyrophosphate Deposition Disease (CPPD),en
1661,Calories,en
2108,CAM,en
1153,Canadian Syncope Risk Score,en
533,Cancer,en
1698,Candidiasis,en
849,Cannabinoids,en
869,Cannabis,en
1040,Canthotomy,en
892,CAP,en
1696,Capnography,en
957,Capsaicin,en
396,Carbohydrates,en
689,Cardiac,en
115,Cardiac Arrest,en
1536,Cardiac Arrhythmia,en
930,Cardiac Disease,en
1760,Cardiac Events,en
1908,Cardiac Infarction,en
464,Cardiac Malformation,en
2048,cardiac tamponade,en
1603,Cardiogenic Shock,en
303,Cardiogram,en
177,Cardiologia,sp
16,Cardiology,en
1970,Cardiomyopathy,en
1968,Cardiopulmonary Resuscitation,en
10,Cardiovascular,en
414,Cardiovascular Disease,en
1615,Cardioverison,en
1221,Caregiver,en
1796,cassava,en
347,CATCH,en
1671,CBD,en
1358,Cdiff,en
844,Ceftriaxone,en
991,Celiac Disease,en
1001,Cellulitis,en
1702,Central Cord Syndrome,en
2177,central lines,en
1574,Central Nervous System,en
450,Cerebellar Stroke,en
1902,Cerebral Anoxia,en
1905,Cerebral Bleed,en
1138,Cerebral Palsy,en
2139,cerebral perfusion pressure,en
950,Cerebral Vascular Disease,en
2038,cerebral venous thrombosis,en
877,Cerebrovascular Accident,en
1414,Cerumen Impaction,en
2041,cervical artery dissection,en
320,Cervical Cancer,en
1748,Cervical Facet Dislocation,en
1749,Cervical Fracture,en
228,Cervical Spine Injury,en
1073,Cesarean Section,en
348,CHALICE,en
470,Check List,en
2018,checkpoint inhibitors,en
1785,Chemical Abortion,en
1818,Chemical Burn,en
702,Chemical Hepatitis,en
109,Chest Pain,en
321,CHF,en
1017,CHI,en
1858,Chikungunya,en
1200,Child Abuse,en
1131,Childhood,en
1015,Children,en
612,Chiropractors,en
1360,Chlamydial,en
1762,Chlorthalidone,en
1050,Cholecystectomy,en
1843,Cholecystitis,en
1850,Cholera,en
1735,Cholesteatoma,en
386,Cholesterol,en
983,Choosing Wisely,en
364,Chorioamnionitis,en
865,Choroquine,en
866,Choroquine,sp
1643,Chronic Hepatitis C,en
741,Chronic Obstructive Pulmonary Disease,en
1285,Chronic OM,en
260,Chronic Pain,en
1672,Chronic Renal Disease,en
703,Chrons Disease,en
1185,Cigarettes,en
779,Circulation,en
1060,Cirrhosis,en
1893,Claudication,en
465,Cleft Palette,en
353,Clindamycin,en
1598,Clinical Decision Making,en
264,Clinical Prediction Rules,en
1380,Clinical Trials,en
1769,Clonus,en
879,Clopidogrel,en
2187,closed head  injury,en
1016,Closed Head Injury,en
1494,Clostridioides difficile,en
796,Clostridium Difficile,en
376,Clostridium Tetani,en
2135,CMV,en
2218,CNS,en
1399,Co-morbidietes,en
2209,Coagulopathy,en
1561,Coarctation of Aorta,en
852,Cobalamin,en
2005,cocaine,en
538,Cochrane Review,en
1059,Coffee,en
615,Cognition,en
1209,Cognitive Behavioral Therapy,en
914,Cognitive Screening,en
935,Colchicine,en
1051,Colic,en
901,Colitis,en
1492,Colleagues,en
1117,Colon,en
790,Colon Cancer,en
2110,colonoscopy,en
558,Colonscopy,en
402,Colorectal Cancer,en
1806,Coma,en
1025,Communication,en
2076,communications,en
1847,Community acquired pneumonia,en
1343,Community Health,en
1106,Community Medicine,en
515,"Community-Acquired Pneumonia ",en
1609,Compartment Syndrome,en
617,COMPASS-MI,en
1870,Compassion,en
1411,Compensation,en
2107,complementary and alternative medicine,en
409,Compliance,en
910,Comunicacion de riesgos y brotes,sp
1121,Concussion,en
2080,conflict,en
2160,conflict resolution,en
889,Confusion,en
1570,Congenital Defects,en
2090,congenital heart disease,en
322,Congestive Heart Failure,en
1126,Conjunctivitis,en
1118,Constipation,en
1788,Consumer,en
1878,Continuing Medical Education,en
1156,Continuity of care,en
917,Contraception,en
710,Contraceptives,en
1543,Contractures,en
2056,contrast,en
44,Controlled Substances/Drug Diversion,en
1294,Controlled-studies,en
447,COPD,en
1350,Cord Blood,en
2081,core standards,en
863,Corependium,sp
1105,CorePendium Spotlight,en
1296,Cornea,en
1632,Corneal Abrasion,en
1128,Corneal Ulcer,en
753,Corona,en
807,Corona,sp
1513,Coronary Artery Calcium Scores,en
925,Coronary Artery Disease,en
110,Coronary CT,en
1808,Coronary Disease,en
2031,coronary dissection,en
754,Coronavirus,en
808,Coronavirus,sp
911,Coronavirus infections,sp
537,Corticosteroids,en
981,Cost Effectiveness,en
2065,cotton fever,en
752,COVID,en
811,COVID,sp
751,COVID-19,en
810,COVID-19,sp
806,COVID19,en
809,COVID19,sp
956,Cow Milk Allergy,en
661,Coxsackie,en
2141,CPP,en
126,CPR,en
1082,Cranial,en
1575,Cranial Nerve Defects,en
1960,cranial nerve palsy,en
945,Cranial Neuropathy,en
1572,Cranial Tumors,en
1034,Crisis Standards of Care,en
62,Critical Care,en
2211,Critical Care/ICU,en
1695,Crotalid envenomation,en
220,Crowding,en
919,CRP,en
1943,Crush injury,en
1919,Cryptococcal meningitis,en
1920,Cryptococcus infection,en
1918,Cryptococcus neoformans,en
560,CT,en
239,Cuidado critico,sp
63,Cultural Competence,en
1606,Cushing Syndrome,en
1601,Cushingâ€™s Syndrome,en
2011,cutaneous,en
878,CVA,en
413,CVD,en
324,CXR,en
1792,cyanide poisoning,en
871,Cyclic Vomiting,en
1883,Cystitis,en
1103,Cystoscopy,en
2134,Cytomegalovirus,en
1963,cytopenia,en
546,DAA,en
677,Dabigatran,en
491,Dapagliflozin,en
1253,Data,en
1218,Death,en
2129,death notification,en
28,Decision Instruments,en
1597,Decision Making,en
492,DECLARE TIME-58 trial,en
1734,Decompensating,en
1113,Decompression,en
384,Deep Vein Thrombosis,en
1962,deep venous thrombosis,en
127,Defibrillation,en
989,Defication,en
853,Deficiency,en
2166,deglove injury,en
113,Dehydration,en
2208,delay,en
888,Delirium,en
773,Delivery,en
780,Dementia,en
1880,Demyelination,en
1841,Dengue fever,en
1591,Dental Pain,en
2078,deployment,en
223,Depression,en
1004,Dermatitis,en
441,Dermatologia,sp
29,Dermatology,en
189,Derrame cerebral,sp
647,Developmental,en
820,Dexamethasone,en
1996,dexmetetomidine,en
65,Diabetes,en
238,Diabetes,sp
778,Diabetes Mellitis,en
494,Diabetes Mellitus,en
531,Diabetic Ketoacidosis,en
1147,Diabulimia,en
18,Diagnostic Imaging,en
2126,diagnostic uncertainty,en
739,Dialysis,en
990,Diarrhea,en
1924,diarrhoea,en
1863,DIC,en
395,Diet,en
500,Dietary Supplements,en
1502,Dieting,en
1500,Dietitian,en
1501,Diets,en
2189,differential diagnosis,en
1629,Difficult Airway,en
590,Diffuse Weakness,en
1765,Digestion,en
2009,digoxin,en
545,Direct Acting Antiviral,en
291,Direct Oral Anticoagulants,en
1639,Direct-acting Antiviral Therapy,en
1539,Disability,en
478,Disaster,en
2075,disaster management,en
1506,Discharge Planning,en
1941,Disease Prevention,en
604,Disoproxil,en
789,Diverticulitis,en
166,Diving Emergencies,en
1654,Dizziness,en
448,DKA,en
429,DM,en
292,DOAC,en
194,Dolor y Cuidado Paliativo,sp
476,Domestic Violence,en
1329,Donanemab,en
1891,Doxycycline,en
1739,Dress,en
1529,Dress Code,en
1959,DRESS Syndrome,en
2026,droperidol,en
1602,Drowning,en
1750,Drug Manufacturing,en
1740,Drug Reaction,en
1771,Drug withdrawal,en
1250,Ductal Carcinoma,en
1372,Duodenal Switch,en
383,DVT,en
1563,Dwarfism,en
1219,Dying,en
1930,dysentery,en
941,Dyspepsia,en
329,Dyspnea,en
520,Dysthymia,en
1498,Dysuria,en
536,E-cigarette,en
1497,E.coli,en
1423,EA,en
1148,Eating Disorder,en
461,EBM,en
1859,Ebola,en
1869,EBV,en
1217,ECG,en
1909,Eclampsia,en
1310,ECMO,en
209,Ecografia,sp
1684,Economics,en
1141,ECT,en
674,Ectopic,en
673,Ectopic Pregnancy,en
486,Eczema,en
221,ED Operations,en
323,Edema,en
1625,Edoxaban,en
882,EF,en
1564,Ehlers-Danlos Syndrome,en
881,Ejection Fraction,en
112,EKG,en
864,El Embarazo,sp
624,Elderly,en
1328,Elective Orthopedic Surgery,en
1596,Elective Surgery,en
2196,electrical storm,en
350,Electroacupuncture,en
214,Electrocardiograma (ECG/EKG),sp
1933,Electrolytes,en
35,Electronic Health Records,en
170,Electronic Medical Records,en
947,ELISA,en
1301,Embolism,en
903,Emergencias en Salud,sp
1196,Emergency,en
391,Emergency Equipment,en
993,Emergency Medical Services,en
2070,emergency medical systems,en
1010,Emergency Medicine,en
1872,Empathy,en
1644,Empyema,en
266,EMR,en
804,EMRAP Podcast (SPA),sp
994,EMS,en
46,EMS/Pre-Hospital Care,en
2072,EMT,en
606,Emtricitabine,en
769,Encephalitis,en
141,End of Life/Palliative Care,en
613,End-of-Life,en
1430,End-stage Renal Failure,en
2142,end-tidal CO2,en
2099,endocarditis,en
234,Endocrine,en
240,Endocrino,sp
2032,endocrinol,en
720,Endocrinology,en
1204,Endometrial,en
1145,Endometritis,en
2148,endovascular therapy,en
905,Enfermedad por el Coronavirus COVID19,sp
183,Enfermedades Infecciosas,sp
909,Enfermedades no Transmisibles y Salud Mental,sp
247,Enfermedades renales,sp
833,ENT,en
1495,Enteritis,en
2170,envenomation,en
167,Environmental,en
1636,Environmental Injuries,en
1307,Environmental Medicine,en
1742,Eosinophilia,en
709,Epidemic,en
828,Epidemiology,en
363,Epidural,en
1114,Epidural Hematoma,en
1721,Epigastric Pain,en
1581,Epistaxis,en
1868,Epstein-Barr,en
958,Erectile Dysfunction,en
1484,Erosive Esophagitis,en
1002,Erysipelas,en
944,Erythema migrans,en
2197,esmolol,en
1948,Esophageal perforation,en
415,ESPRIT Trial,en
1568,ESR,en
1110,Estrogen,en
2143,ETCO2,en
140,Ethics,en
1668,Ethylene Glycol,en
182,Etica Medica y Profesional,sp
2068,etomidate,en
1404,Euthyroid,en
1168,EVALI,en
2133,evidence b,en
161,Evidence Based Medicine,en
1339,Evidence-based practice,en
1939,Exchange Transfusion,en
576,Exercise,en
650,Exostosis,en
2169,exotic animal bite,en
1041,Eye,en
1385,Eye Trauma,en
393,FAA,en
1531,Face Presentation,en
829,Facemask,en
1682,Facial Nerve Palsy,en
457,Factor Xa,en
580,Falls,en
1035,Family Medicine,en
1299,Family Practice,en
246,Farmacologia,sp
1530,Fashion,en
307,Fasting Glucose,en
1901,Fatal Drowning,en
1133,Fatty Acid Disorder,en
505,FDA,en
154,fdsaf,en
1592,Febrile,en
269,Febrile Seizure,en
561,Fecal,en
797,Fecal Microbiota Transplantation,en
620,Fecal Occult Blood,en
404,Fecal Test,en
2121,female circumcision,en
2119,female genital mutilation,en
2204,fentanyl,en
1472,Fentynyl,en
718,Ferrous Glycine Sulfate,en
1793,fertilizer,en
1351,Fetal,en
467,Fetal Malformation,en
1085,Fetomaternal Hemorrhage,en
1504,Fever,en
2120,FGM,en
1203,Fibroids,en
1753,Fibromyalgia,en
132,Finger,en
1794,Fire,en
966,Firearms,en
490,Fishhook,en
1772,Fitness to drive,en
392,Flight Emergency,en
1824,Fluid Loading,en
965,Fluoroquinolone,en
986,Folate,en
609,Folk Medicine,en
1604,Fomepizole,en
455,Food Insecurity,en
1528,Foot Pain,en
1367,Foreign body,en
572,Fournier,en
2042,fracture,en
638,Fractures,en
723,Free Thyroxine,en
1356,Frozen Shoulder,en
605,Fumarate,en
1436,Functional Bowel Disorders,en
2106,fungal,en
657,Fungal Infection,en
694,Fungus,en
2052,gabapentin,en
1006,Gait,en
1049,Gallbladder,en
1048,Gallstones,en
573,Gangrene,en
2114,gastoenterology,en
1368,Gastric Band,en
1451,Gastric Bleeding,en
1473,Gastric cancer,en
258,Gastric Foreign Body,en
1482,Gastric Reflux,en
1174,Gastritis,en
114,Gastroenteritis,en
36,Gastroenterology,en
939,Gastroesophageal Reflux Disease,en
1319,Gastrointestinal,en
1142,Gastrointestional,en
1243,Gastroparesis,en
635,GCRP,en
366,Gender Bias,en
1412,Gender Disparity,en
1413,Gender Pay Gap,en
2088,gender-based violence,en
1576,Gender-diverse,en
1090,General Medicine,en
2151,general surgery,en
1109,Genitalia,en
47,Genitourinary,en
940,GERD,en
184,Geriatria,sp
1406,Geriatric Medicine,en
37,Geriatrics,en
934,Gerontology,en
725,Gestation,en
1443,Gestational Diabetes,en
1431,GFR,en
867,GI,en
451,GI Bleed,en
1427,GI fistula,en
1566,Giant Cell Arteritis,en
1848,Giardia,en
207,Gineco-obstetra,sp
208,Ginecologia,sp
658,Gingivostomatitis,en
1468,Gland adenoma,en
593,Glands,en
802,Glitazones,en
2094,global health,en
313,GLP-1 Agonists,en
2059,GLP1,en
1894,Glucocorticoid,en
306,Glucose,en
842,Gonorrhea,en
843,Gonorrhoea,en
1122,Gout,en
860,GP,en
2131,grieving,en
697,Griseofulvin,en
646,Growth Delay,en
906,Guias,sp
2206,guideline,en
1969,Guidelines,en
967,Guns,en
1143,Gunshot Wounds,en
793,Gut microbiome,en
1925,gynaecology,en
74,Gynecology,en
1718,H. Pylori,en
1474,H2 Blockers,en
1311,HA1C,en
922,HACE,en
2097,haematology,en
1978,Haemetology,en
1922,haemorrhage,en
921,HAFE,en
2015,hallucinogens,en
1396,Hamstrings,en
1982,Hand,en
133,Hand Injury,en
1027,Hand Washing,en
1450,Handovers,en
583,Harm,en
1974,Harm reduction,en
776,HbA1c,en
1761,HCTZ,en
1066,HCV,en
388,HDL,en
129,Head Injury,en
111,Headache,en
539,Health,en
477,Health Care Disparities,en
1638,Health Choices,en
1789,Health clinic,en
1382,Health Education,en
1190,Health Policy,en
75,Health Screaning,en
1290,Health System Waste,en
1490,Healthcare,en
799,Healthcare Costs,en
792,Hearing Aid,en
1791,Hearing Aids,en
1790,Hearing impaired,en
528,Hearing Loss,en
1157,Heart,en
1182,Heart Attack,en
2155,heart block,en
335,Heart Disease,en
1446,Heart Failure,en
2153,heart murmur,en
1895,Heat Exhaustion,en
1896,Heat Stress,en
1834,Heat stroke,en
1527,Heel,en
2109,HEENT,en
770,Helicopter,en
1932,Helminthiasis,en
1444,Hemangioma,en
2001,hematologic,en
31,Hematology,en
1398,Hematoma Blocks,en
1102,Hematuria,en
2183,hemodynamics,en
777,Hemoglobin A1c,en
2178,hemolysis,en
1842,Hemolytic anemia,en
1129,Hemoperitoneum,en
1687,Hemophilia,en
1426,Hemoptysis,en
1086,Hemorrhage,en
2046,hemorrhagic disease of the newborn,en
1906,Hemorrhagic Stroke,en
122,Hemostasis,en
1992,hemothorax,en
1300,Heparin,en
1864,Hepatic Abscess,en
543,Hepatitis,en
544,Hepatitis C,en
547,Hepatocellular carcinoma,en
1884,Herbal Medicine,en
832,Hereditary,en
1353,Heroin,en
337,Herpes Zoster Vaccine,en
659,Herpetic Lesion,en
1723,HgA1c,en
309,HgB A1C,en
2017,HHS,en
1061,Hiccups,en
1376,Hidradenitis Suppurativa,en
497,High-Sensitivity Troponin,en
1405,Hip Fractures,en
101,Hip Pain,en
252,Hipertension,sp
251,Hipotension,sp
481,Histolytic Necrotizing Lymphadenitis,en
193,Historia Medica Electronica,sp
1692,HIV,en
601,HIV-1,en
152,HIV/AIDS,en
1988,hives,en
1871,Holistic,en
1544,Holter monitor,en
610,Homeopathic,en
1032,Hormonal IUD,en
719,Hormones,en
1341,Hospitalist,en
318,HPV,en
319,HPV Vaccine,en
498,Hs-Ctn,en
1547,Human Chorionic Gonadotropin,en
886,Human Immunodeficiency Syndrome,en
1194,human papilloma virus,en
1292,Human Papillomavirus,en
436,Human Papillomavirus vaccine,en
969,Human Rights,en
933,Humerus,en
551,Hyaluronic Acid,en
597,Hyperaldosteronism,en
1704,Hypercapnia,en
1885,Hypercholesteremia,en
2125,hypercholesterolemia,en
831,Hypercholestremia,en
596,Hypercortisolemia,en
870,Hyperemesis,en
1161,Hyperextension Injury,en
784,Hyperglycemia,en
735,Hyperkalemia,en
2117,hyperlipidemia,en
2016,hyperosmolar hyperglycemic syndrome,en
1467,Hyperparathyroidism,en
1657,Hypersomnias,en
282,Hypertension,en
1904,Hypertension Emergency,en
2147,hypertensive crisis,en
2010,hypertensive emergency,en
1835,Hyperthermia,en
630,Hyperthyroidism,en
330,Hypertonic Saline,en
1116,Hypertriglyceridemia,en
1829,Hyperventilation,en
1621,Hypnotherapy,en
454,Hypoglycemia,en
1957,Hypokalemia,en
1062,Hypokalemia Periodic Paralysis,en
1956,Hypokalemic Periodic Paralysis,en
1833,Hypoperfusion,en
1416,Hyposmia,en
162,Hypotension,en
1262,Hypothermia,en
1263,Hypothermic,en
556,Hypothesis,en
1236,Hypothyroid,en
629,Hypothyroidism,en
997,Hypoxia,en
1946,Hysterectomy,en
200,IAMCEST,sp
1585,"Iatrogenic Injury ",en
706,IBD,en
795,IBS,en
954,Ibuprofen,en
2021,ICH,en
2140,ICP,en
671,ICS,en
899,ICU,en
1275,Idiopathic Thrombocytopenic Purpura,en
204,Imagenes Diagnosticas,sp
171,Imaging,en
1899,Immersion Injury,en
1916,Immune reconstitution inflammatory syndrome,en
379,Immuneglobulin,en
377,Immunization,en
621,Immunochemical,en
1648,Immunocompromise,en
955,Immunology,en
314,Immunotherapy,en
1633,Impetigo,en
680,Impingement,en
2194,implanted defibrillator,en
1489,Imposter Syndrome,en
1998,inborn errors of metabolism,en
2213,incident command,en
1212,Incidents,en
824,Induction,en
1098,Infant,en
1352,Infant Carrier,en
1409,Infant Development,en
855,Infant Formula,en
1445,Infantile Hemangioma,en
137,Infection,en
1496,Infectious Diarrhea,en
9,Infectious Disease,en
1510,Infective Endocarditis,en
138,Inflammation,en
2098,inflammatory,en
705,Inflammatory Disease,en
830,Influenza,en
1252,Information Systems,en
912,Informes tecnicos,sp
2179,infusor,en
444,Ingrown Toenails,en
1795,inhalation injury,en
666,Inhaled corticosteroid,en
625,Injury,en
1029,Insomnia,en
785,Insulin,en
1344,Insulin Resistance,en
1478,Insurance,en
786,Intensive Care,en
859,Internal Medicine,en
1779,International Space Station,en
2182,interosseous infusion,en
587,Intervention,en
737,Intestinal Ischemia,en
1551,Intra-Articular Glucocorticoid,en
2136,Intracerebral hemorrhage,en
1559,Intracranial,en
2210,intracranial haemorrhage,en
1635,Intracranial Hemorrhage,en
2138,intracranial pressure,en
2202,intranasal,en
2149,intraparenchymal hemorrhage,en
1031,Intrauterine,en
915,Intrauterine Contraceptive Device,en
1258,Intravenous Radiocontrast,en
442,Introduction,en
86,Intubation,en
1183,Intuition,en
1240,Iodine,en
2150,IPH,en
716,Iron,en
1214,Iron Deficiency,en
717,Iron Protein Succinylate,en
1408,Iron Supplements,en
794,Irritable Bowel Disease,en
988,Irritable Bowel Syndrome,en
1923,ischaemic,en
1172,Ischemia,en
898,Ischemic colitis,en
158,Ischemic Stroke,en
1234,Ishchemia,en
756,Isopropyl Alcohol Inhalation,en
1187,IT,en
1397,IT band,en
1584,ITP,en
700,Itraconazole,en
916,IUCD,en
1030,IUD,en
2207,IV,en
2175,IV access,en
1511,IV antibiotics,en
97,IV Fluids,en
2181,IV flush,en
1873,IV therapy,en
1164,IVC Filters,en
1521,Ivermectin,en
485,IVIG,en
2216,James Wilson,en
1434,Joint injections,en
885,Joint Pain,en
1379,Journals,en
2124,Juhi Varshney,en
2215,JumpSTART,en
1270,Juvenile Rheumatoid Arthritis,en
1274,Kawasaki Disease,en
1127,Keratitis,en
1838,Ketamine,en
698,Ketoconazole,en
1589,Ketorolac,en
738,Kidney,en
1277,Kidney Failure,en
1678,Kidney Stone,en
480,Kikuchi Fujimoto's Disease,en
224,Kinship,en
1550,Knee,en
1160,Knee Arthroplasty,en
272,Knee Injury,en
1670,Knee Replacement,en
2049,Kounis syndrome,en
1929,kwashiorkor,en
218,Lab Tests,en
670,LABA,en
1108,Labial Adhesions,en
952,Labor,en
38,Laboratory,en
2063,laboratory testing,en
1068,Labs,en
219,Lactate,en
2019,lactated ringers,en
1619,Ladder,en
1689,Large Bowel Obstruction,en
1706,Laryngeal Mask Airway (LMA),en
1439,Laser Therapy,en
1860,Lassa,en
1985,LAST,en
1448,Law,en
1449,Lawsuits,en
387,LDL,en
690,Lead,en
340,Legacy Drugs,en
1660,Legal,en
1964,leukopenia,en
1205,Levothyroxine,en
1744,Libido,en
507,Lidocaine,en
577,Lifestyle,en
431,Linzolid,en
1238,Liothyronine,en
775,Lipids,en
1381,Literacy,en
701,Liver,en
1853,Liver Abcess,en
1640,Liver Complications,en
2028,liver failure,en
1852,Liver Fluke,en
1953,Liver Transplant,en
1099,Living Wills,en
290,LMWH,en
120,lnjection,en
1987,local anaesthetics,en
1986,local anesthetics,en
665,Long-acting Beta-agonists,en
1642,"Long-term mortality ",en
351,Low Back Pain,en
1422,Low Energy Availability,en
289,Low Molecular Weight Heparin,en
1743,Low Testosterone,en
982,Low-Value Testing,en
1162,Lower Respiratory Tract Infection,en
103,Lumbar Puncture,en
1159,Lumbar Spine,en
1169,Lung,en
316,Lung Cancer,en
740,Lung Disease,en
2112,lupus,en
838,Lupus Erythematous,en
1990,LVAD,en
942,Lyme Disease,en
1553,Lymph Nodes,en
1226,Macular Degeneration,en
425,Magnesium Sulfate,en
479,Mailbag,en
1728,Major Depression,en
1861,Malaria,en
315,Malignancy,en
1613,Malignant Otitis Externa,en
434,Mallampati,en
1662,Malnutrition,en
874,Mammogram,en
1249,Mammography,en
187,Manejo de Riesgos/Prevencion de Errores Medicos,sp
181,Manejo del Dolor,sp
541,Manipulation,en
2144,mannitol,en
850,Marijuana,en
1966,Marine envenomation,en
168,Marine Envenomations,en
535,Marine N-3,en
992,Mass Casualty,en
883,Massage,en
872,Mastalgia,en
1007,Maternal Health,en
1587,Maternal Mortality,en
1377,Maternal Welfare,en
1942,Maternity Care,en
2212,MCI,en
641,Measles,en
1070,Measurements,en
1649,Mechanical Ventilation,en
297,Medevac,en
1393,Medial Tibial Stress Syndrome,en
1784,Medical Abortion,en
1607,Medical Applications,en
1517,Medical Articles,en
1480,Medical costs,en
1877,Medical Education,en
146,Medical Errors Prevention,en
369,Medical History,en
1415,Medical Malpractice,en
1616,Medical Student Debt,en
1886,Medical Terminology,en
1026,Medical Training,en
1033,Medical/Practice Administration,en
1479,Medicare,en
408,Medication,en
1546,Medication Abortion,en
1552,Medication Adherence,en
1680,Medication Dosing,en
1912,Medication Errors,en
1178,Medication Overuse Headache,en
1534,Medication Reactions,en
1947,Medication shortage,en
1428,Medication Side-Effects,en
17,Medicolegal,en
185,Medicolegal,sp
1054,Meditation,en
1132,Medium-chain Acyl-CoA Dehydrogenase Deficiency,en
443,MegaSummary,en
1475,Melanoma,en
1008,Membrane,en
782,Memory,en
1787,Men's health,en
1324,Meniere's Disease,en
1573,Meningioma,en
768,Meningitis,en
1273,Meningococcemia,en
1224,Meniscal,en
271,Meniscal Tear,en
397,Menopause,en
49,Mental Health,en
1729,Mental Illness,en
1532,Mentum Posteriors,en
1690,Mercury Poisoning,en
1854,MERS,en
1171,Mesenteric Ischemia,en
1774,Mesenteric Vasculitis,en
1980,metabolic,en
1130,Metabolic Syndrome,en
636,Metacarpal fracture,en
801,Metformin,en
511,Methadone,en
675,Methotrexate,en
1782,Methylphenidate,en
1470,Metoclopramide,en
2199,metoprolol,en
1072,Metronidazole,en
616,MI,en
1101,Microhematuria,en
1333,Mifepristone,en
631,Migraine,en
281,Mild Hypertension,en
2089,military,en
1384,Mindfulness,en
1934,Minerals,en
733,Minimally Invasive Surgery,en
676,Miscarriage,en
1548,Misoprostol,en
1913,Mistakes,en
644,MMR,en
1052,Mobile Apps,en
278,Mobilisation,en
2077,mobilizations,en
2156,Mobitz Type 1,en
2157,Mobitz Type 2,en
1179,MOH,en
1038,Monitoring,en
1866,Mono,en
634,Monoclonal Antibodies,en
857,Monoclonal Antibody,en
1867,Mononucleosis,en
1373,Monotherapy,en
475,Monthly Introduction,en
1023,Morbidity,en
326,Morphine,en
294,Mortality,en
1928,mosquitoes,en
821,Mountaineering,en
406,MRI,en
2111,MSK,en
2023,mucositis,en
1135,Multi-detector CT,en
1823,Multiorgan Failure,en
1305,Multiple Sclerosis,en
642,Mumps,en
1314,Muscle Relaxer,en
542,Muscle Spasms,en
980,Muscular Relaxer,en
244,Musculoesqueletico,sp
236,Musculoskeletal,en
1188,Musculoskeletal injury,en
1158,Musculoskeletal Pain,en
1348,Music Therapy,en
1831,MVA,en
484,Myalgia,en
563,Myasthenia Gravis,en
1984,myelitis,en
493,Myocardial infarction,en
2095,myocarditis,en
1064,Myopathy,en
1755,Myopia,en
2007,myxedema coma,en
85,N/A,en
230,N/A,sp
827,N95,en
510,Naloxone,en
708,Naltrexone,en
788,Narcan,en
1658,Narcolepsy,en
513,NAS,en
835,Nasal,en
1176,NASH,en
2079,natural disaster,en
611,Naturopathic,en
758,Nausea,en
2152,near syncope,en
1651,Necrotizing Fasciitis,en
1650,Necrotizing Soft Tissue Infection,en
1523,Nematode Infection,en
512,Neonatal,en
514,Neonatal Abstinence Syndrome,en
1137,Neonatology,en
2188,neostigmine,en
1276,Nephrology,en
900,Nephropathy,en
1306,Nerves,en
2225,nervous system,en
1303,Neuralgia,en
1701,Neurocognitive Disorder,en
1628,Neurogenic Shock,en
186,Neurologia,sp
4,Neurology,en
32,Neurology/Stroke,en
1242,Neuropathy,en
1247,Neuropsychiatric,en
781,Neuropsychology,en
53,Neurosurgery,en
2069,neutropenic fever,en
1569,Newborn,en
1708,Night Shifts,en
1907,Nitrates,en
1910,Nitrous Oxide,en
959,NNTB,en
960,NNTH,en
2128,non-alcoholic fatty liver disease,en
2037,non-invasive ventilation,en
1641,Non-Liver Complications,en
1175,Nonalcoholic steatohepatitis,en
2186,nondepolerizing,en
1900,Nonfatal Drowning,en
1622,Nonpharmacological interventions,en
928,Nonsteroidal,en
953,Nonsteroidal Anti-inflammatory,en
445,Nonvalvular AF,en
1582,Nosebleed,en
343,NSAID,en
1994,NSTEMI,en
2029,NSTI,en
362,Nulliparous,en
1731,Nursing,en
394,Nutrition,en
299,O2,en
1520,OB counseling,en
1125,OB-Gyn,en
78,OB/GYN,en
334,Obesity,en
2224,OBGYN,en
471,Observation,en
711,Obstetrics,en
1193,Obstetrics & Gynecology,en
649,Occiput,en
301,OCP,en
1961,oculomotor nerve palsy,en
813,OE,en
1927,Oedema,en
311,OGGT,en
1419,Olfaction,en
360,OM,en
361,OM with effusion,en
432,Omadacycline,en
1284,OME,en
715,Omega-3s,en
730,Omega-6,en
1383,On-call,en
868,Oncology,en
466,Ondansetron,en
1370,One-anastomosis Gastric Bypass,en
767,Oophoritis,en
1631,"Open Globe ",en
1759,Ophthalmia Neonatorum,en
1039,Ophthalmology,en
469,Opined Agonist,en
1767,Opinion,en
262,Opioid Use Disorder,en
178,Opioides,sp
147,Opioids,en
374,Opisthotonus,en
1915,Opportunistic infection,en
1018,OPTIMISE Trial,en
280,OR,en
1512,Oral Antibiotics,en
302,Oral Contraceptive,en
1874,Oral Medication,en
359,Oral Steroids,en
1875,Orally,en
766,Orchitis,en
1655,Organophosphates,en
932,ORIF,en
1665,Orthobiologic,en
1981,Orthopaedics,en
1588,Orthopedica,en
39,Orthopedics,en
1764,Orthostatic Hypotension,en
231,Ortopedia,sp
550,Osteoarthritis,en
1935,Osteomyelitis,en
1425,Osteopenia,en
750,Osteoporosis,en
812,Otitis externa,en
358,Otitis Media,en
791,Otolaryngology,en
1323,Otolarynology,en
814,Otolaryntology,en
1283,Otorrhea,en
263,OUD,en
976,Ovarian Cancer,en
1281,Ovary,en
405,Over Testing,en
787,Overdose,en
1402,Overpowered Study,en
1821,Oxygenation,en
1316,Oxytocin,en
602,p24 antigen,en
2193,pacemaker,en
1926,paediatric,en
2127,paediatric neurology,en
1995,paediatric trauma,en
1846,Paediatrics,en
858,Pain,en
7,Pain and Palliative Care,en
1354,Pain Control,en
23,Pain Management,en
2219,Palak Patel,en
1979,Palliative Care,en
1255,Palliative Medicine,en
2066,pancreatitis,en
761,Pandemic,en
1019,Panel Size,en
1441,Panic attack,en
1440,Panic disorder,en
153,PaoPao,en
268,Paracetamol,en
524,Parachute,en
2073,paramedic,en
764,Paramyxovirus,en
1366,Paraneoplastic syndromes,en
155,Paraphimosis,en
1817,Parkland Formula,en
765,Parotitis,en
1267,Parvovirus,en
1389,Patella Injury,en
1392,Patellar Tendinopathy,en
1388,Patellofemoral Pain Syndrome,en
2190,patient interaction,en
1020,Patient Loads,en
144,Patient Safety,en
2191,patient satisfaction,en
370,Patient-Physician Interview,en
2226,Patient/Physician Relationship,en
104,PCC,en
683,PCI,en
714,PCMA Bonus,en
382,PE,en
2200,PEA,en
745,Peanut allergy,en
346,PECARN,en
196,Pediatria,sp
2201,Pediatric,en
1810,Pediatric Assessment,en
349,Pediatric Neurology,en
1773,Pediatric Pain Control,en
692,Pediatric Poisoning,en
729,Pediatric Resuscitation,en
130,Pediatric Trauma,en
1809,Pediatric Triage,en
1,Pediatrics,en
1623,Pelvic mass,en
1710,Pelvic Pain,en
116,Penetrating Neck Injuries,en
2051,penetrating trauma,en
895,Penicillin,en
1374,Peppermint Oil,en
1452,Peptic Ulcer,en
585,Perception,en
1251,Performance Measures,en
2104,pericardiocentesis,en
2024,pericarditis,en
1503,Perimenopause,en
1711,Perineal Pain,en
1892,Peripheral Vascular Disease,en
1170,Peritonism,en
949,Peritonitis,en
79,Permissive Hypotension,en
1342,Pertussis,en
1265,Petechial,en
1241,PFT,en
1364,Pharmaceuticals,en
105,Pharmacology,en
21,Pharmacology/ Toxicology,en
687,Pharmacy,en
893,Pharyngitis,en
595,Pheochromocytoma,en
1012,Phlebitis,en
325,Phlebotomy,en
1067,PHQ-2,en
581,PHQ-9,en
160,Physical Examination,en
626,Physical Therapy,en
237,Physician Well Being,en
265,Physician Workflow,en
1491,Physician-patient relationship,en
1295,Pinkeye,en
1424,Pituitary Gland,en
2067,PJP,en
508,Placebo,en
421,Placenta Abruption,en
2116,placental abruption,en
298,Plane Transport,en
1526,Plantar Fasciitis,en
1630,Plasma,en
1542,Plastic Surgery,en
1666,Platelet Rich Plasma,en
1435,Platelet-rich injections,en
548,Platelet-rich plasma,en
569,Pneumatic compression,en
2122,pneumocephalus,en
99,Pneumonia,en
1716,Pneumothorax,en
463,POCUS,en
462,Point of Care Ultrasound,en
691,Poison,en
968,Political,en
1269,Polyarteritis nodosa,en
1560,Polycystic Kidney Disease,en
1565,Polymyalgia Rheumatic,en
1763,Polyneuropathy,en
339,Polypharmacy,en
924,Polypill,en
623,Polyps,en
798,Population Health,en
1686,Populations,en
998,Positive Pressure,en
125,Post Cardiac Arrest Care,en
1945,Posterior circulation stroke,en
1890,Postexposure,en
1201,Postmenopausal,en
1464,Postnatal,en
760,Postop,en
1595,Postoperative,en
1594,Postoperative Complications,en
1144,Postpartum,en
1545,Postpartum Depression,en
365,Postpartum Hemorrhage,en
1063,Potassium,en
748,Poverty,en
2053,PPI,en
1483,PPIs,en
418,PPROM,en
861,Practice Guidelines,en
401,Practice Habits,en
1766,Pre-disease listener rant,en
438,Pre-Eclampsia,en
25,Pre-Hospital Care,en
1289,Pre-operative,en
1279,Prediabetes,en
1733,Prediction,en
530,Preeclampsia,en
887,Preexposure Prophylaxis,en
420,Pregnancy,en
1977,Prehospital,en
727,Premature,en
1463,Prenatal,en
599,PrEP,en
2074,preparedness,en
1261,Prescribing,en
1363,Prescribing Practices,en
341,Prescription,en
2176,pressure bags,en
1336,Preterm Birth,en
357,Preterm Labor,en
419,Preterm Ruptured Membranes,en
1021,Preventative Medicine,en
1028,Prevention,en
412,Preventive Care,en
1937,Priapism,en
411,Primary Care,en
1155,Primary Interval Ration,en
522,PRISMA,en
274,Probiotic,en
195,Procedimiento,sp
14,Procedural Sedation,en
156,Procedural Skills,en
91,Procedure,en
1198,Procedures,en
902,Producto scientificos y tecnicos,sp
904,Productos cientificos y tecnicos,sp
40,Professional and Medical Ethics,en
1738,Professional Mental Health,en
1515,Professionalism,en
1337,Progesterone,en
1752,Promotional Impact,en
2198,propranolol,en
371,Prostate,en
372,Prostate Cancer,en
275,Prostate Screening,en
277,Prostate Specific Antigen,en
139,Prostatitis,en
1757,Prostiglandins,en
106,Prothrombin Complex Concentrate,en
938,Proton Pump Inhibitor,en
1914,Provider Mental Health,en
549,PRP,en
276,PSA,en
1362,Pseudogout,en
1223,Psilocybin,en
1192,Psoriatic Arthritis,en
1146,Psychiatric,en
232,Psychiatry,en
1220,Psycho-socio-spiritual,en
523,Psychology,en
848,Psychosis,en
2057,psychoso,en
1989,psychosocial,en
1248,Psychotic,en
1400,PTSD,en
693,Public Health,en
1516,Publishing,en
211,Pulmonar,sp
33,Pulmonary,en
1975,Pulmonary edema,en
26,Pulmonary Embolism,en
2036,pulmonary hypertension,en
1976,Pulmonary oedema,en
1700,Pulmonary Toilet,en
890,Pulmonology,en
1266,Purpura,en
566,Pyridostigmine,en
1855,Q fever,en
1535,QT prolongation,en
963,Quadriceps,en
1487,Quadruple Therapy Heart Failure,en
584,Quantify,en
1047,Radiation,en
1819,Radiation Burn,en
253,Radiology,en
259,Radiopaque,en
1056,Randomized trials,en
2054,ranitidine,en
1797,Rapid Pulse,en
2180,rapid transfusion,en
973,Rapid Ultrasound for Shock and Hypotension,en
591,Rare Procedures,en
482,Rash,en
931,Rational Clinical Exam,en
1683,Reactive Airway Disease,en
81,REBOA,en
2083,record keeping,en
622,Rectal Bleeding,en
288,Recurrent VTE,en
1571,Reflexes,en
1540,Rehabilitation,en
1538,Rehabilitation Medicine,en
1954,Rejection,en
1624,Related death,en
1488,Relationships,en
608,Religion,en
82,Renal,en
108,Renal Colic,en
1429,Renal Disease,en
1972,Renal Failure,en
159,Reperfusion,en
1518,Rescue inhaler,en
1293,Research,en
225,Residency,en
143,Respiratory,en
1803,Respiratory Distress,en
1580,Respiratory Failure,en
1717,Respiratory Infection,en
1578,Respiratory Syncytial Virus,en
1940,Respirology,en
6,Resuscitation,en
1227,Retina,en
1386,Retinal Detachment,en
1321,Retinoid,en
1104,Retirement,en
771,Retrieval,en
2184,reversal agents,en
1897,Rhabdomyolysis,en
1123,Rheumatism,en
1433,Rheumatoid arthritis,en
839,Rheumatology,en
1222,Rhinitis,en
472,Rhinosinusitis,en
257,Right On Prime,en
41,Risk Management,en
15,Risk Management/Medical Errors Prevention,en
678,Rivaroxaban,en
2004,rocuronium,en
803,ROP Summary,en
1191,ROP Written Summary,en
2132,ROSC,en
679,Rotator Cuff,en
1371,Roux-en-Y Gastric Bypass,en
2035,RSI,en
1579,RSV,en
440,RTI,en
643,Rubella,en
1058,Run-in,en
1390,Running,en
1014,Rural Health,en
449,Rural Medicine,en
974,RUSH Protocol,en
669,SABA,en
1627,Sacral Fracture,en
128,Saftey,en
1410,Salary,en
619,Salicylate,en
2008,salicylates,en
1165,Salivary Gland,en
1401,Salt Substitutions,en
206,Salud de la Mujer,sp
908,Salud de los trabajadores,sp
212,Salud Mental,sp
245,Salud y bienestar del medico,sp
2220,Sara,en
762,SARI,en
586,Satisfaction,en
2093,SBO,en
1851,Schistosomiasis,en
1286,Sciatica,en
1778,Scleroderma,en
732,Sclerotherapy,en
403,Screening,en
1952,Scrotal Abscess,en
1950,Scrotal Pain,en
1447,Second Opinion,en
598,Secreting Tumors,en
2086,security risk management,en
2085,security threat,en
216,Sedacion,sp
1911,Sedation,en
188,Seguridad del Paciente,sp
1713,Seidels Sign,en
1134,Seizure,en
1330,Selective Serotonin,en
1659,Self-disclosure,en
578,Senior,en
946,Sensory Radiculoneuropathy,en
27,Sepsis,en
1862,Septic shock,en
197,Septicemia,sp
1549,Serotonin,en
1768,Serotonin Syndrome,en
2174,serum sickness,en
202,Servicios de Emergencia,sp
203,Servicios Pre-Hospitalarios,sp
763,Severe Acute Respiratory Infection,en
1199,Sexual Assault,en
1459,Sexual dysfunction,en
2087,sexual violence,en
2100,sexually transmitted disease,en
600,Sexually Transmitted Diseases,en
846,Sexually Transmitted Infection,en
1836,Sgarbossa criteria,en
574,SGLT2,en
312,SGLT2 Inhibitors,en
962,Shared-decision Making,en
1709,Shift work,en
338,Shingles,en
163,Shock,en
2096,shock index,en
663,Short-acting,en
328,Shortness of Breath,en
1355,Shoulder,en
1166,Sialoliths,en
1233,Sickle Cell Disease,en
1936,Sickle Cell Pain Crisis,en
559,Sigmoidoscopy,en
555,Significance,en
1080,SIIH,en
1462,Silver sulfadiazine (SSD),en
2058,simulation,en
1725,Simulations,en
191,Sindrome Coronario Agudo,sp
2115,singultus,en
834,Sinus,en
1812,Sinus Arrhythmia,en
473,Sinusitis,en
907,Sistemas y Servicios de Salud,sp
1931,skin and soft tissue infection,en
1476,Skin cancer,en
1557,Skin emollients,en
433,Skin Infection,en
2163,skin tears,en
1776,SLE,en
1664,Sleep,en
1097,Sleep Apnea,en
1707,Sleep Disorder,en
1349,Sleep Disturbance,en
1663,Sleep Hygiene,en
1369,Sleeve Gastrectomy,en
2092,small bowel obstruction,en
1693,Smallpox,en
926,Smart Watch,en
1418,Smell,en
1186,Smoke cessation,en
1184,Smoking,en
2025,snake bites,en
1694,Snake envenomations,en
300,SO2,en
327,SOB,en
2222,social determinants of health,en
1486,Social Determinents of Health,en
1257,Social Media,en
1485,Social Medicine,en
1685,Social Services,en
1481,Socialized Medicine,en
823,Sociology,en
2146,sodium bicarb,en
2145,sodium bicarbonate,en
734,Sodium Polystyrene Sulfonate,en
1150,Sodium-glucose co-transporter-2,en
215,Soft Tissue,en
896,Sorethroat,en
1780,Space,en
169,SpanishTag,en
453,Sphygmomanometer,en
229,Spinal Cord Injury,en
1313,Spinal Cord Stimulation,en
1081,Spinal fluid,en
1703,Spinal Injury,en
1245,Spinal Manipulation,en
540,Spine,en
1617,Spirometry,en
1844,Splenic sequestration,en
2205,splinting,en
1136,Spondylolisthesis,en
1078,Spontaneous Idiopathic Intracranial,en
1079,Spontaneous Idiopathic Intracranial Hypotension,en
1889,Sports,en
102,Sports Medicine,en
286,SPRINT,en
342,SRMA,en
1332,SSRIs,en
1715,Stab Wound,en
1825,Stabilization,en
2071,standards,en
2214,START triage,en
749,Starvation,en
567,Statin,en
385,Statins,en
150,Statistics,en
1652,Status Epilepticus,en
356,STD,en
1378,STD guidelines,en
1667,Stem Cell,en
142,STEMI,en
1965,STEMI equivalent,en
331,Stent,en
1022,Step Counts,en
1287,Steroid Injection,en
317,Steroids,en
1610,Stevens Johnson Syndrome,en
1541,Stevens-Johnson Syndrome,en
845,STI,en
747,Stillbirth,en
627,Stool Test,en
774,Stress,en
1394,Stress Fracture,en
553,Stress Incontinence,en
2000,stress testing,en
50,Stroke,en
2030,stroke mimic,en
279,Stroke Unit Odds Ratio,en
1522,Strongyloidiasis,en
1254,Studies,en
1057,Study,en
1634,Subarachnoid Hemorrhage,en
2137,subdural hematoma,en
2034,subglottic stenosis,en
1898,Submersion Event,en
1653,Substance Abuse,en
2185,succinylcholine,en
2027,sucrose,en
2003,suggamadex,en
552,Suicide,en
800,Sulfonylureas,en
654,Summary,en
1477,Sun Exposure,en
1011,Superficial Thrombosis,en
526,Superstitions,en
502,Supplements,en
460,Surgery,en
1338,Surrogate Endpoints,en
1312,Surveys,en
295,Survival,en
2164,sutures,en
1798,SVT,en
1152,Syncope,en
1993,synthetic cannabinoids,en
662,Syphilis,en
1775,Systemic Lupus Erythematosus,en
1009,T Cells,en
1239,T3,en
724,T4,en
927,Tachycardia,en
2050,tachycardias,en
1971,Takotsubo Cardiomyopathy,en
977,Talcum Powder,en
1457,Tamsulosin,en
856,Tanezumab,en
1417,Taste,en
345,TBI,en
2082,team management,en
1724,Teamwork,en
648,Telemedicine,en
1037,Telemetry,en
682,Tendon,en
964,Tendon Injury,en
603,Tenofovir,en
2167,tensile strength,en
696,Terbinafine,en
2130,termination,en
1951,Testicular Abscess,en
1646,Testicular Pain,en
1645,Testicular Torsion,en
1069,Testing,en
518,Testosterone,en
1139,TestTag,en
373,Tetanus,en
651,Texting,en
270,The Escape Randomized Clinical Trial,en
884,Therapist,en
1260,Therapy,en
1460,Thermal burns,en
1816,Thermal Injury,en
2154,third degree heart block,en
891,Thoracic,en
2105,thoracotomy,en
1163,Throat Culture,en
1691,Thrombectomy,en
1583,Thrombocytopenia,en
149,Thromboembolism,en
2040,thrombolytics,en
1556,Thromboplastin,en
736,Thrombosis,en
2102,thrombotic thrombocytopenic purpura,en
656,Thrush,en
565,Thymectomy,en
628,Thyroid,en
721,Thyroid Stimulating Hormone,en
2002,thyroid storm,en
1237,Thyrotoxichosis,en
2118,thyrotoxicosis,en
1206,Thyroxine,en
876,TIA,en
332,Ticagrelor,en
943,Tick,en
1318,Tick Borne,en
2101,tick borne illness,en
937,Tics,en
378,TIG,en
1003,Tinea Pedis,en
1120,Tinnitus,en
458,TKR,en
975,Tobacco Abuse,en
894,Tomsillitis,en
2113,tonsillitis,en
506,Topical,en
2060,torsades de point,en
459,Total Knee Replacement,en
936,Tourette Syndrome,en
1088,Tourniquet,en
1611,Toxic Epidermal Necrolysis,en
2171,toxic shock,en
180,Toxicologia/Farmacologia,sp
107,Toxicology,en
1140,Toxicology Diploplia,en
2,Toxicology/Pharmacology,en
1917,Toxoplasmosis,en
1747,Tramadol,en
83,Tranexamic acid,en
875,Transcient Ischemic Attack,en
1882,Transfer,en
1244,Transfers,en
1938,Transfusion,en
1365,Transfusion reaction,en
1230,Transgender,en
862,Transparency,en
1605,transplant,en
5,Trauma,en
199,Trauma,sp
205,Trauma Pediatrico,sp
1714,Trauma Surgery,en
190,Trauma/Resucitacion,sp
3,Trauma/Resuscitation,en
2055,traumatic arthrotomy,en
344,Traumatic Brain Injury,en
1830,Traumatic Cardiac Arrest,en
2223,traumatic disorders,en
920,Travel Medicine,en
961,Treatment Benefit,en
744,Treatment Protocols,en
1151,Treatments,en
822,Trekking,en
1213,Triage,en
1586,Tricyclic Antidepressants,en
1302,Trigeminal,en
2161,triggers,en
1115,Triglycerides,en
210,Tromboembolismo Venoso/Vascular,sp
2123,tropical medicine,en
496,Troponin,en
519,TRT,en
722,TSH,en
118,Tuberculosis,en
1304,Tumor,en
726,Twin,en
728,Twin-Twin Transfusion,en
2047,TXA,en
2203,tylenol,en
1737,Tympanic Membrane,en
1282,Tympanostomy Tubes,en
305,Type 2 Diabetes,en
304,Type 2 DM,en
1849,Typhoid,en
1092,Ulcer,en
805,Ultra Summary,en
213,Ultrasonido,sp
34,Ultrasound,en
499,Unapproved Pharmaceutical Ingredients,en
1403,Underpowered Study,en
1555,Unhealthy Drug Use,en
2033,upper airway obstruction,en
435,Upper Lip - Bite Test,en
837,Upper Respiratory Infection,en
1331,Uptake Inhibitors,en
1256,Urachal Cysts,en
1278,Uremia,en
1499,Urgent Care,en
836,URI,en
1288,Urinalysis,en
399,Urinary,en
1456,Urinary Incontinence,en
1345,Urinary Retention,en
1094,Urinary Tract Infection,en
1679,Urolithiasis,en
250,Urologia,sp
55,Urology,en
1758,Uterine Ballon Catheter,en
1202,Uterine Cancer,en
1465,Uterus,en
398,UTI,en
984,Vaccinations,en
336,Vaccine,en
1637,Vaccine Hesitancy,en
2039,vaccines,en
971,Vaginal Bleeding,en
1438,Vaginal Pain,en
1334,Vaginitis,en
355,Vaginosis,en
1167,Vaping,en
660,Varicella,en
1453,Varicies,en
731,Varicose Vein,en
145,Vascular,en
368,Vascular,sp
123,Vascular Access,en
1107,Vascular Catheters,en
923,Vascular Disease,en
1065,Vascular Surgery,en
1264,Vasculitis,en
1235,Vaso-occlusive,en
164,Vasopressor,en
1075,VBAC,en
2062,VBG,en
148,Venous Thromboembolism,en
571,Venous Thrombosis,en
999,Ventilation,en
1813,Ventricular Escape Rhythm,en
2195,ventricular fibrillation,en
2103,ventricular tachycardia,en
227,Vertigo,en
179,Vias Respiratorias,sp
1505,Viral Illness,en
1225,Vision,en
1216,Vitamin C,en
380,Vitamin D,en
534,Vitamin D3,en
1420,Vitamin Deficiency,en
1421,Vitamin Supplements,en
503,Vitamins,en
1387,Vitreous Detactment,en
1745,Vocal Cord Injury,en
1746,Vocal Cords,en
759,Vomiting,en
287,VTE,en
1437,Vulvovaginitis,en
446,Warfarin,en
1958,Weakness,en
1272,Wegener Granulomatosis,en
1013,Weight,en
504,Weight Loss,en
226,Wellness,en
2158,Wenckeback,en
948,Western Blot,en
296,Wheezing,en
816,Wilderness Medicine,en
653,Withdrawal,en
42,Women's Health,en
1732,Worry Factor,en
2162,wound care,en
134,Wound Management,en
2165,wound tension,en
1091,Wounds,en
474,Written Summary,en
1077,Year in Review,en
1856,Yellow fever,en
1781,Zero Gravity,en
1857,Zika,en
